"event_datetime","humidity"
"2015-03-08 06:00:00",61.89030716
"2015-03-08 07:00:00",63.52007828
"2015-03-08 08:00:00",63.87239366
"2015-03-08 09:00:00",63.07597878
"2015-03-08 10:00:00",61.74928273
"2015-03-08 11:00:00",60.31422913
"2015-03-08 14:00:00",61.26352797
"2015-03-08 15:00:00",61.13023276
"2015-03-09 03:00:00",62.00321504
"2015-03-09 04:00:00",63.69309186
"2015-03-09 05:00:00",63.46861453
"2015-03-09 06:00:00",63.33145326
"2015-03-09 07:00:00",63.14909241
"2015-03-09 08:00:00",63.59733777
"2015-03-09 09:00:00",63.61799938
"2015-03-09 10:00:00",63.42285168
"2015-03-09 11:00:00",61.44828434
"2015-03-10 03:00:00",63.35634339
"2015-03-10 04:00:00",65.11974194
"2015-03-10 05:00:00",63.94534741
"2015-03-10 06:00:00",63.56649437
"2015-03-10 07:00:00",63.73219062
"2015-03-10 08:00:00",65.05302095
"2015-03-10 09:00:00",64.37801597
"2015-03-10 10:00:00",64.5553312
"2015-03-10 11:00:00",65.2531498
"2015-03-10 12:00:00",64.72266052
"2015-03-10 13:00:00",63.39133775
"2015-03-10 14:00:00",63.37747659
"2015-03-10 15:00:00",63.5159578
"2015-03-10 16:00:00",62.92894489
"2015-03-10 17:00:00",60.07904518
"2015-03-11 07:00:00",61.81467669
"2015-03-11 08:00:00",63.30903437
"2015-03-11 09:00:00",63.61717541
"2015-03-11 10:00:00",63.55840885
"2015-03-11 11:00:00",64.10788131
"2015-03-11 12:00:00",63.16311724
"2015-03-11 13:00:00",62.41691219
"2015-03-11 14:00:00",61.98719771
"2015-03-11 15:00:00",61.73781421
"2015-03-12 08:00:00",60.04337219
"2015-03-12 09:00:00",60.15893434
"2015-03-12 10:00:00",61.05742469
"2015-03-12 11:00:00",61.71365387
"2015-03-12 12:00:00",62.70838514
"2015-03-12 13:00:00",64.047019
"2015-03-12 14:00:00",64.43263248
"2015-03-12 15:00:00",60.17652472
"2015-03-13 07:00:00",62.35223811
"2015-03-13 08:00:00",60.06370239
"2015-03-13 13:00:00",60.999611
"2015-03-13 14:00:00",62.22720477
"2015-03-17 10:00:00",61.09027934
"2015-03-17 11:00:00",63.97603898
"2015-03-17 12:00:00",63.36033217
"2015-03-17 13:00:00",64.45647383
"2015-03-17 14:00:00",63.61895299
"2015-03-17 15:00:00",60.87892639
"2015-03-19 10:00:00",60.04551285
"2015-03-21 05:00:00",64.22353585
"2015-03-21 06:00:00",62.04222841
"2015-03-21 07:00:00",63.50036468
"2015-03-21 08:00:00",64.25446864
"2015-03-21 09:00:00",62.13249061
"2015-03-21 10:00:00",61.50912678
"2015-03-21 11:00:00",63.3893086
"2015-03-21 12:00:00",65.93271046
"2015-03-21 13:00:00",67.55595909
"2015-03-21 14:00:00",65.20935888
"2015-03-21 15:00:00",62.03993019
"2015-03-22 04:00:00",62.85288287
"2015-03-22 05:00:00",64.37371384
"2015-03-22 06:00:00",66.34297668
"2015-03-22 07:00:00",65.59046525
"2015-03-22 08:00:00",63.55151027
"2015-03-22 09:00:00",63.34593407
"2015-03-22 10:00:00",61.15965523
"2015-03-22 11:00:00",62.42124917
"2015-03-22 12:00:00",61.09704508
"2015-03-22 13:00:00",61.21825824
"2015-03-22 14:00:00",60.96055469
"2015-03-23 04:00:00",61.61286268
"2015-03-23 05:00:00",66.24080309
"2015-03-23 06:00:00",64.92275744
"2015-03-23 07:00:00",63.73221559
"2015-03-23 08:00:00",62.82160492
"2015-03-23 09:00:00",63.47657597
"2015-03-23 10:00:00",63.4094194
"2015-03-23 11:00:00",63.13532573
"2015-03-23 12:00:00",63.09529082
"2015-03-23 13:00:00",62.7539184
"2015-03-23 14:00:00",61.77939469
"2015-03-25 03:00:00",61.48810276
"2015-03-25 04:00:00",61.92989388
"2015-03-25 05:00:00",61.18940286
"2015-03-26 08:00:00",61.43020467
"2015-03-26 12:00:00",60.21563031
"2015-03-26 13:00:00",60.95853757
"2015-03-26 14:00:00",60.46752614
"2015-03-27 10:00:00",60.72593216
"2015-03-27 11:00:00",62.53971698
"2015-03-27 12:00:00",62.47989142
"2015-03-27 13:00:00",65.02201525
"2015-03-27 14:00:00",65.20900483
"2015-03-27 15:00:00",64.22957172
"2015-03-03 01:00:00",60.57980312
"2015-03-03 02:00:00",61.63335988
"2015-03-03 03:00:00",63.1088462
"2015-03-03 16:00:00",61.9133939
"2015-03-03 17:00:00",62.57411409
"2015-03-03 18:00:00",62.76516151
"2015-03-03 19:00:00",62.9328945
"2015-03-03 20:00:00",61.904957
"2015-03-03 21:00:00",62.4582984
"2015-03-03 22:00:00",63.33569258
"2015-03-03 23:00:00",63.05816424
"2015-03-04 00:00:00",63.70220238
"2015-03-04 01:00:00",62.33057647
"2015-03-04 02:00:00",60.44332588
"2015-03-05 20:00:00",60.13077154
"2015-03-05 21:00:00",60.83608872
"2015-03-05 22:00:00",60.9391806
"2015-03-05 23:00:00",60.03803832
"2015-03-06 00:00:00",60.5342492
"2015-03-06 01:00:00",60.39782353
"2015-02-28 09:00:00",39.80341687
"2015-02-28 10:00:00",36.65032768
"2015-02-28 11:00:00",32.47256924
"2015-02-28 12:00:00",32.43420395
"2015-02-28 13:00:00",32.31462186
"2015-02-28 14:00:00",31.3539478
"2015-02-28 15:00:00",31.40011892
"2015-02-28 16:00:00",32.58722419
"2015-02-28 17:00:00",35.03527642
"2015-02-28 18:00:00",38.40927535
"2015-03-02 06:00:00",60.14313061
"2015-03-02 10:00:00",37.05252754
"2015-03-02 11:00:00",37.18107745
"2015-03-02 12:00:00",37.00623734
"2015-03-02 13:00:00",35.21462926
"2015-03-02 14:00:00",33.44148378
"2015-03-02 15:00:00",36.71299848
"2015-03-02 19:00:00",38.43933483
"2015-03-02 20:00:00",37.44428353
"2015-03-02 21:00:00",38.7390808
"2015-03-02 22:00:00",39.39926776
"2015-03-02 23:00:00",39.86118865
"2015-03-03 09:00:00",36.50658544
"2015-03-03 10:00:00",31.879411
"2015-03-03 11:00:00",28.25099548
"2015-03-03 12:00:00",26.70401103
"2015-03-03 13:00:00",23.85485527
"2015-03-03 14:00:00",23.22413464
"2015-03-03 15:00:00",23.94736987
"2015-03-03 16:00:00",25.28746329
"2015-03-03 17:00:00",27.78467727
"2015-03-03 18:00:00",29.79014263
"2015-03-03 19:00:00",30.91035689
"2015-03-03 20:00:00",31.13010942
"2015-03-03 21:00:00",31.23011527
"2015-03-03 22:00:00",31.7723505
"2015-03-03 23:00:00",32.8505411
"2015-03-04 00:00:00",36.11330679
"2015-03-04 11:00:00",35.12943656
"2015-03-04 12:00:00",31.844976
"2015-03-04 13:00:00",28.25350726
"2015-03-04 14:00:00",28.86881162
"2015-03-04 15:00:00",31.38331418
"2015-03-04 16:00:00",33.07804751
"2015-03-04 17:00:00",37.01978911
"2015-03-04 18:00:00",35.8046913
"2015-03-04 19:00:00",33.47328121
"2015-03-04 20:00:00",34.90846237
"2015-03-04 21:00:00",36.06361697
"2015-03-04 22:00:00",37.56444643
"2015-03-04 23:00:00",39.55582719
"2015-03-05 01:00:00",39.74863208
"2015-03-05 08:00:00",37.03127281
"2015-03-05 09:00:00",32.08977315
"2015-03-05 10:00:00",26.76421814
"2015-03-05 11:00:00",24.61929603
"2015-03-05 12:00:00",26.46581382
"2015-03-05 13:00:00",26.7467365
"2015-03-05 14:00:00",27.14813242
"2015-03-05 15:00:00",28.04856198
"2015-03-05 16:00:00",28.4700294
"2015-03-05 17:00:00",29.5604689
"2015-03-05 18:00:00",30.47449779
"2015-03-05 19:00:00",32.57075748
"2015-03-05 20:00:00",33.71640933
"2015-03-05 21:00:00",35.14340657
"2015-03-05 22:00:00",35.49775352
"2015-03-05 23:00:00",35.0331561
"2015-03-06 00:00:00",34.77908746
"2015-03-06 01:00:00",34.84651209
"2015-03-06 02:00:00",35.07828099
"2015-03-06 03:00:00",35.74120073
"2015-03-06 04:00:00",36.46327892
"2015-03-06 05:00:00",37.15052273
"2015-03-06 06:00:00",37.71243367
"2015-03-06 07:00:00",35.38375469
"2015-03-06 08:00:00",31.57137848
"2015-03-06 09:00:00",27.91553027
"2015-03-06 10:00:00",24.53285438
"2015-03-06 11:00:00",22.48683134
"2015-03-06 12:00:00",23.2535687
"2015-03-06 13:00:00",23.28027801
"2015-03-06 14:00:00",23.80973505
"2015-03-06 15:00:00",25.08565881
"2015-03-06 16:00:00",26.88735598
"2015-03-06 17:00:00",29.91783496
"2015-03-06 18:00:00",32.06339622
"2015-03-06 19:00:00",32.74350755
"2015-03-06 20:00:00",33.7214197
"2015-03-06 21:00:00",35.17498545
"2015-03-06 22:00:00",36.1277761
"2015-03-06 23:00:00",37.11869789
"2015-03-07 00:00:00",38.25667785
"2015-03-07 01:00:00",38.94992042
"2015-03-07 07:00:00",39.9157259
"2015-03-07 08:00:00",34.06571091
"2015-03-07 09:00:00",30.93050165
"2015-03-07 10:00:00",28.04635508
"2015-03-07 11:00:00",25.93832413
"2015-03-07 12:00:00",25.79539841
"2015-03-07 13:00:00",25.98361557
"2015-03-07 14:00:00",25.88303209
"2015-03-07 15:00:00",27.3595145
"2015-03-07 16:00:00",30.20677442
"2015-03-07 17:00:00",33.08727824
"2015-03-07 18:00:00",35.04700839
"2015-03-07 19:00:00",36.16977934
"2015-03-07 20:00:00",37.30262296
"2015-03-07 21:00:00",37.82587993
"2015-03-07 22:00:00",38.53940079
"2015-03-07 23:00:00",39.59680163
"2015-03-08 08:00:00",35.07866169
"2015-03-08 09:00:00",30.3531721
"2015-03-08 10:00:00",26.64166979
"2015-03-08 11:00:00",25.07542338
"2015-03-08 12:00:00",24.49371005
"2015-03-08 13:00:00",23.84224704
"2015-03-08 14:00:00",22.93580048
"2015-03-08 15:00:00",22.83526725
"2015-03-08 16:00:00",25.3967176
"2015-03-08 17:00:00",28.29383066
"2015-03-08 18:00:00",31.57863538
"2015-03-08 19:00:00",34.42735136
"2015-03-08 20:00:00",36.08416324
"2015-03-08 21:00:00",37.14337983
"2015-03-08 22:00:00",38.60976623
"2015-03-09 08:00:00",36.46700887
"2015-03-09 09:00:00",31.40561194
"2015-03-09 10:00:00",26.90488015
"2015-03-09 11:00:00",25.01636908
"2015-03-09 12:00:00",24.98281031
"2015-03-09 13:00:00",25.14879773
"2015-03-09 14:00:00",24.34625546
"2015-03-09 15:00:00",24.23456116
"2015-03-09 16:00:00",24.70684127
"2015-03-09 17:00:00",27.22595915
"2015-03-09 18:00:00",30.13290396
"2015-03-09 19:00:00",32.74491662
"2015-03-09 20:00:00",34.83740148
"2015-03-09 21:00:00",36.20863297
"2015-03-09 22:00:00",38.5697665
"2015-03-09 23:00:00",39.58266523
"2015-03-10 08:00:00",36.0076494
"2015-03-10 09:00:00",31.34054027
"2015-03-10 10:00:00",28.34806965
"2015-03-10 11:00:00",27.26168144
"2015-03-10 12:00:00",27.61264484
"2015-03-10 13:00:00",27.46737189
"2015-03-10 14:00:00",27.62064566
"2015-03-10 15:00:00",28.39801122
"2015-03-10 16:00:00",28.98724845
"2015-03-10 17:00:00",31.30535877
"2015-03-10 18:00:00",33.52263818
"2015-03-10 19:00:00",35.82343374
"2015-03-10 20:00:00",36.98782541
"2015-03-10 21:00:00",38.03061516
"2015-03-10 22:00:00",39.05233647
"2015-03-10 23:00:00",39.90269124
"2015-03-11 08:00:00",38.13537948
"2015-03-11 09:00:00",34.54998038
"2015-03-11 10:00:00",31.77775015
"2015-03-11 11:00:00",30.84264995
"2015-03-11 12:00:00",31.22001021
"2015-03-11 13:00:00",30.26574106
"2015-03-11 14:00:00",29.12129357
"2015-03-11 15:00:00",29.59950542
"2015-03-11 16:00:00",30.91220395
"2015-03-11 17:00:00",34.52940055
"2015-03-11 18:00:00",37.39987936
"2015-03-11 19:00:00",38.16285228
"2015-03-11 20:00:00",38.13785089
"2015-03-11 21:00:00",38.92023253
"2015-03-12 03:00:00",38.55177744
"2015-03-12 04:00:00",37.72234579
"2015-03-12 05:00:00",37.82033419
"2015-03-12 06:00:00",37.62244835
"2015-03-12 07:00:00",34.14083686
"2015-03-12 08:00:00",30.72456023
"2015-03-12 09:00:00",28.10240152
"2015-03-12 10:00:00",25.86080177
"2015-03-12 11:00:00",22.97329268
"2015-03-12 12:00:00",21.7369569
"2015-03-12 13:00:00",20.5237935
"2015-03-12 14:00:00",18.95256678
"2015-03-12 15:00:00",19.51638497
"2015-03-12 16:00:00",20.97255924
"2015-03-12 17:00:00",24.75992018
"2015-03-12 18:00:00",27.4242278
"2015-03-12 19:00:00",28.08559726
"2015-03-12 20:00:00",29.05584424
"2015-03-12 21:00:00",30.33841166
"2015-03-12 22:00:00",31.42982435
"2015-03-12 23:00:00",33.5716414
"2015-03-13 00:00:00",35.46150661
"2015-03-13 01:00:00",35.78792647
"2015-03-13 02:00:00",36.89142845
"2015-03-13 03:00:00",38.82149976
"2015-03-13 04:00:00",39.89462141
"2015-03-13 06:00:00",39.89725225
"2015-03-13 07:00:00",35.56461548
"2015-03-13 08:00:00",31.67883409
"2015-03-13 09:00:00",28.70269236
"2015-03-13 10:00:00",26.87991179
"2015-03-13 11:00:00",24.77148185
"2015-03-13 12:00:00",24.0251204
"2015-03-13 13:00:00",23.92006805
"2015-03-13 14:00:00",23.63611948
"2015-03-13 15:00:00",25.10720761
"2015-03-13 16:00:00",28.47817869
"2015-03-13 17:00:00",30.85998621
"2015-03-13 18:00:00",31.67687394
"2015-03-13 19:00:00",32.86499037
"2015-03-13 20:00:00",34.50338315
"2015-03-13 21:00:00",36.64739224
"2015-03-13 22:00:00",38.4587033
"2015-03-13 23:00:00",38.72132423
"2015-03-14 00:00:00",39.48010871
"2015-03-14 01:00:00",39.90268548
"2015-03-14 08:00:00",36.46261272
"2015-03-14 09:00:00",33.07223901
"2015-03-14 10:00:00",31.10159486
"2015-03-14 11:00:00",31.03899836
"2015-03-14 12:00:00",31.28038862
"2015-03-14 13:00:00",30.40540328
"2015-03-14 14:00:00",30.28787708
"2015-03-14 15:00:00",29.66738779
"2015-03-14 16:00:00",29.61654751
"2015-03-14 17:00:00",33.47951234
"2015-03-14 18:00:00",35.55449049
"2015-03-14 19:00:00",35.68569723
"2015-03-14 20:00:00",36.63155667
"2015-03-14 21:00:00",37.89261148
"2015-03-14 22:00:00",38.68742979
"2015-03-14 23:00:00",38.36312549
"2015-03-15 00:00:00",38.86263937
"2015-03-15 10:00:00",38.83348452
"2015-03-15 11:00:00",34.91155862
"2015-03-15 12:00:00",33.96328568
"2015-03-15 13:00:00",34.72289241
"2015-03-15 14:00:00",36.53925815
"2015-03-15 15:00:00",37.62998087
"2015-03-15 16:00:00",38.42488049
"2015-03-15 17:00:00",39.20408368
"2015-03-16 09:00:00",34.25935026
"2015-03-16 10:00:00",29.6789954
"2015-03-16 11:00:00",27.12406036
"2015-03-16 12:00:00",27.1801661
"2015-03-16 13:00:00",27.07569105
"2015-03-16 14:00:00",27.45368982
"2015-03-16 15:00:00",29.81107924
"2015-03-16 16:00:00",31.36329748
"2015-03-16 17:00:00",33.11987201
"2015-03-16 18:00:00",35.57122814
"2015-03-16 19:00:00",35.94691186
"2015-03-16 20:00:00",37.02235932
"2015-03-16 21:00:00",37.71422649
"2015-03-16 22:00:00",39.32336327
"2015-03-17 08:00:00",39.75972434
"2015-03-17 09:00:00",33.85712095
"2015-03-17 10:00:00",30.48780146
"2015-03-17 11:00:00",27.19478093
"2015-03-17 12:00:00",26.46164697
"2015-03-17 13:00:00",26.3055314
"2015-03-17 14:00:00",25.14013502
"2015-03-17 15:00:00",24.97213873
"2015-03-17 16:00:00",26.3691597
"2015-03-17 17:00:00",29.99849232
"2015-03-17 18:00:00",34.61021942
"2015-03-17 19:00:00",36.31738119
"2015-03-17 20:00:00",37.68737388
"2015-03-17 21:00:00",39.51429175
"2015-03-18 08:00:00",35.86790385
"2015-03-18 09:00:00",32.43346425
"2015-03-18 10:00:00",28.86886965
"2015-03-18 11:00:00",26.5112056
"2015-03-18 12:00:00",24.92521805
"2015-03-18 13:00:00",22.98157352
"2015-03-18 14:00:00",22.51519883
"2015-03-18 15:00:00",23.52899065
"2015-03-18 16:00:00",25.13110687
"2015-03-18 17:00:00",28.90737506
"2015-03-18 18:00:00",33.55202239
"2015-03-18 19:00:00",34.52814289
"2015-03-18 20:00:00",35.39222335
"2015-03-18 21:00:00",36.87626239
"2015-03-18 22:00:00",38.24561184
"2015-03-18 23:00:00",39.35487591
"2015-03-19 08:00:00",36.12188713
"2015-03-19 09:00:00",32.92044341
"2015-03-19 10:00:00",29.90548211
"2015-03-19 11:00:00",28.3560647
"2015-03-19 12:00:00",27.86640458
"2015-03-19 13:00:00",27.15280259
"2015-03-19 14:00:00",25.92750243
"2015-03-19 15:00:00",25.37910028
"2015-03-19 16:00:00",25.45455882
"2015-03-19 17:00:00",28.44035499
"2015-03-19 18:00:00",31.39921313
"2015-03-19 19:00:00",33.04141709
"2015-03-19 20:00:00",33.52230191
"2015-03-19 21:00:00",34.46243928
"2015-03-19 22:00:00",36.08648185
"2015-03-19 23:00:00",37.43979812
"2015-03-20 00:00:00",38.88680877
"2015-03-20 08:00:00",36.89888088
"2015-03-20 09:00:00",35.7349795
"2015-03-20 10:00:00",33.79463699
"2015-03-20 11:00:00",31.49306651
"2015-03-20 12:00:00",28.92714707
"2015-03-20 13:00:00",28.54657134
"2015-03-20 14:00:00",28.96771791
"2015-03-20 15:00:00",30.07095121
"2015-03-20 16:00:00",31.12385786
"2015-03-20 17:00:00",32.50152793
"2015-03-20 18:00:00",33.53886116
"2015-03-20 19:00:00",34.90722954
"2015-03-20 20:00:00",36.43997517
"2015-03-20 21:00:00",38.06058319
"2015-03-20 22:00:00",38.68997263
"2015-03-20 23:00:00",39.68067457
"2015-03-23 09:00:00",37.76588744
"2015-03-23 10:00:00",34.89242579
"2015-03-23 11:00:00",32.37022718
"2015-03-23 12:00:00",31.41321826
"2015-03-23 13:00:00",30.2748831
"2015-03-23 14:00:00",28.29078581
"2015-03-23 15:00:00",27.00086861
"2015-03-23 16:00:00",27.96759176
"2015-03-23 17:00:00",31.41242962
"2015-03-23 18:00:00",37.00675808
"2015-03-24 08:00:00",38.07887205
"2015-03-24 09:00:00",33.20330665
"2015-03-24 10:00:00",31.49595687
"2015-03-24 11:00:00",31.02102145
"2015-03-24 12:00:00",29.92705593
"2015-03-24 13:00:00",29.04629441
"2015-03-24 14:00:00",28.03155019
"2015-03-24 15:00:00",27.80225577
"2015-03-24 16:00:00",30.05179716
"2015-03-24 17:00:00",34.0652426
"2015-03-24 18:00:00",35.29223946
"2015-03-24 19:00:00",36.20324241
"2015-03-24 20:00:00",37.64912089
"2015-03-24 21:00:00",39.51612145
"2015-03-26 10:00:00",39.55421243
"2015-03-26 11:00:00",38.2212817
"2015-03-26 12:00:00",37.45125536
"2015-03-26 13:00:00",37.85224212
"2015-03-26 14:00:00",38.28250338
"2015-03-26 15:00:00",37.75504205
"2015-03-26 16:00:00",38.16305953
"2015-03-26 17:00:00",38.00137342
"2015-03-26 18:00:00",36.71574073
"2015-03-26 19:00:00",37.04890663
"2015-03-27 08:00:00",36.10506236
"2015-03-27 09:00:00",30.98232388
"2015-03-27 10:00:00",30.36035376
"2015-03-27 11:00:00",27.44200318
"2015-03-27 12:00:00",26.5531963
"2015-03-27 13:00:00",25.75664124
"2015-03-27 14:00:00",24.21085795
"2015-03-27 15:00:00",23.50122448
"2015-03-27 16:00:00",25.71193771
"2015-03-27 17:00:00",28.33972532
"2015-03-27 18:00:00",30.77865627
"2015-03-27 19:00:00",32.23345179
"2015-03-27 20:00:00",33.60219769
"2015-03-27 21:00:00",35.37019446
"2015-02-28 05:00:00",60.29380606
"2015-02-28 06:00:00",62.01441175
"2015-02-28 07:00:00",61.37334695
"2015-02-28 08:00:00",60.95554172
"2015-03-08 02:00:00",60.00875878
"2015-03-08 03:00:00",61.40179291
"2015-03-08 04:00:00",62.16245607
"2015-03-08 05:00:00",65.43819314
"2015-03-08 06:00:00",65.75460601
"2015-03-08 07:00:00",66.42808149
"2015-03-08 08:00:00",67.36025568
"2015-03-08 09:00:00",67.22994897
"2015-03-08 10:00:00",65.98470439
"2015-03-08 11:00:00",65.12528206
"2015-03-08 12:00:00",64.22343348
"2015-03-08 13:00:00",64.13866717
"2015-03-08 14:00:00",64.74823504
"2015-03-08 15:00:00",65.43444186
"2015-03-08 16:00:00",65.65050813
"2015-03-08 17:00:00",65.80981931
"2015-03-08 18:00:00",64.98143461
"2015-03-08 19:00:00",63.3178718
"2015-03-08 20:00:00",61.61308923
"2015-03-08 21:00:00",60.55399349
"2015-03-14 09:00:00",61.94880268
"2015-03-14 10:00:00",63.87020111
"2015-03-14 11:00:00",65.80111758
"2015-03-14 12:00:00",67.48661696
"2015-03-14 13:00:00",67.17177932
"2015-03-14 14:00:00",66.00766636
"2015-03-14 15:00:00",65.7857586
"2015-03-14 16:00:00",65.8570138
"2015-03-14 17:00:00",65.8546148
"2015-03-14 18:00:00",64.52956919
"2015-03-14 19:00:00",63.94528347
"2015-03-14 20:00:00",62.56990591
"2015-03-14 21:00:00",61.61708476
"2015-03-14 22:00:00",61.27568189
"2015-03-14 23:00:00",61.62332018
"2015-03-15 00:00:00",62.59811839
"2015-03-15 01:00:00",63.03117604
"2015-03-15 02:00:00",63.13936867
"2015-03-15 03:00:00",61.82838246
"2015-03-15 04:00:00",61.83077953
"2015-03-15 05:00:00",60.73884999
"2015-03-15 07:00:00",60.24335741
"2015-03-15 08:00:00",60.35185999
"2015-03-15 09:00:00",60.97660454
"2015-03-15 10:00:00",62.00855676
"2015-03-15 11:00:00",62.1137346
"2015-03-15 12:00:00",62.66241609
"2015-03-15 13:00:00",63.68571634
"2015-03-15 14:00:00",65.18527019
"2015-03-15 15:00:00",65.36991308
"2015-03-15 16:00:00",65.82407191
"2015-03-15 17:00:00",67.3084263
"2015-03-15 18:00:00",66.80014692
"2015-03-15 19:00:00",67.6721815
"2015-03-15 20:00:00",68.85811077
"2015-03-15 21:00:00",69.0354023
"2015-03-15 22:00:00",68.67700935
"2015-03-15 23:00:00",70.15384957
"2015-03-16 00:00:00",70.13584358
"2015-03-16 01:00:00",69.51284071
"2015-03-16 02:00:00",68.87754086
"2015-03-16 03:00:00",66.28923555
"2015-03-16 04:00:00",65.20814179
"2015-03-16 05:00:00",64.23686324
"2015-03-16 06:00:00",62.84896229
"2015-03-16 07:00:00",63.18357283
"2015-03-16 08:00:00",64.97319356
"2015-03-16 09:00:00",67.05039514
"2015-03-16 10:00:00",68.89004864
"2015-03-16 11:00:00",68.49976984
"2015-03-16 12:00:00",70.67151426
"2015-03-16 13:00:00",71.61214534
"2015-03-16 14:00:00",69.7669759
"2015-03-16 15:00:00",70.27492943
"2015-03-16 16:00:00",71.34319737
"2015-03-16 17:00:00",71.34966921
"2015-03-16 18:00:00",71.68688206
"2015-03-16 19:00:00",71.99366964
"2015-03-16 20:00:00",71.26418784
"2015-03-16 21:00:00",71.71210351
"2015-03-16 22:00:00",71.56823084
"2015-03-16 23:00:00",71.72047406
"2015-03-17 00:00:00",69.63236796
"2015-03-17 01:00:00",65.65115575
"2015-03-17 02:00:00",61.13431814
"2015-03-17 10:00:00",61.5330017
"2015-03-17 11:00:00",60.96811253
"2015-03-17 12:00:00",61.81659101
"2015-03-17 13:00:00",62.91797254
"2015-03-17 14:00:00",63.39852627
"2015-03-17 15:00:00",63.19592995
"2015-03-17 16:00:00",65.34721111
"2015-03-17 17:00:00",68.20552984
"2015-03-17 18:00:00",73.5684767
"2015-03-17 19:00:00",73.77633245
"2015-03-17 20:00:00",74.89241268
"2015-03-17 21:00:00",74.64729501
"2015-03-17 22:00:00",73.84189907
"2015-03-17 23:00:00",73.26632558
"2015-03-18 00:00:00",71.94361524
"2015-03-18 01:00:00",70.20367395
"2015-03-18 02:00:00",65.48723983
"2015-03-18 03:00:00",60.87383563
"2015-03-18 11:00:00",61.34158399
"2015-03-18 12:00:00",65.39545031
"2015-03-18 13:00:00",65.87237623
"2015-03-18 14:00:00",65.20858861
"2015-03-18 15:00:00",65.40760235
"2015-03-18 16:00:00",65.30018264
"2015-03-18 17:00:00",64.51441883
"2015-03-18 18:00:00",64.60375722
"2015-03-18 19:00:00",64.45302115
"2015-03-18 20:00:00",64.69631626
"2015-03-18 21:00:00",64.39078422
"2015-03-18 22:00:00",62.78459674
"2015-03-19 21:00:00",61.28397076
"2015-03-19 22:00:00",66.4610093
"2015-03-19 23:00:00",65.01582283
"2015-03-20 00:00:00",63.98289844
"2015-03-20 01:00:00",61.6451205
"2015-03-20 11:00:00",61.04931404
"2015-03-20 12:00:00",60.96110957
"2015-03-26 12:00:00",64.58081092
"2015-03-26 13:00:00",67.74580418
"2015-03-26 14:00:00",69.40807202
"2015-03-26 15:00:00",69.91759387
"2015-03-26 16:00:00",70.24474227
"2015-03-26 17:00:00",71.04914019
"2015-03-26 18:00:00",70.3748845
"2015-03-26 19:00:00",69.68686284
"2015-03-26 20:00:00",69.23908296
"2015-03-26 21:00:00",68.32297296
"2015-03-26 22:00:00",67.66283312
"2015-03-26 23:00:00",66.61106847
"2015-03-27 00:00:00",65.67625208
"2015-03-27 01:00:00",65.04729429
"2015-03-27 02:00:00",63.02069961
"2015-03-27 03:00:00",60.18991036
"2015-02-27 21:00:00",70.65677056
"2015-02-27 22:00:00",69.72317699
"2015-02-27 23:00:00",71.08169613
"2015-02-28 00:00:00",65.95821364
"2015-02-28 01:00:00",63.05873383
"2015-02-28 13:00:00",61.01285483
"2015-02-28 14:00:00",62.54028116
"2015-02-28 15:00:00",66.15101168
"2015-02-28 16:00:00",66.26488591
"2015-02-28 17:00:00",70.25776071
"2015-02-28 18:00:00",69.11636028
"2015-02-28 19:00:00",72.5583845
"2015-02-28 20:00:00",70.18414238
"2015-02-28 21:00:00",72.09831594
"2015-02-28 22:00:00",70.80337199
"2015-02-28 23:00:00",71.7072912
"2015-03-01 00:00:00",67.78590624
"2015-03-01 01:00:00",64.78756588
"2015-03-01 13:00:00",63.58143235
"2015-03-01 14:00:00",63.66237472
"2015-03-01 15:00:00",66.95087574
"2015-03-01 16:00:00",65.79780329
"2015-03-01 17:00:00",67.56106248
"2015-03-01 18:00:00",66.96535583
"2015-03-01 19:00:00",69.43428716
"2015-03-01 20:00:00",68.26586791
"2015-03-01 21:00:00",70.58737001
"2015-03-01 22:00:00",68.78467605
"2015-03-01 23:00:00",69.44789213
"2015-03-02 00:00:00",65.24647148
"2015-03-02 01:00:00",62.20865161
"2015-03-02 09:00:00",61.04387549
"2015-03-02 10:00:00",62.18627229
"2015-03-02 11:00:00",62.08004669
"2015-03-02 12:00:00",63.14165483
"2015-03-02 13:00:00",65.37447008
"2015-03-02 14:00:00",66.58373455
"2015-03-02 15:00:00",67.72217977
"2015-03-02 16:00:00",67.78866203
"2015-03-02 17:00:00",69.03166256
"2015-03-02 18:00:00",69.59006211
"2015-03-02 19:00:00",71.13840583
"2015-03-02 20:00:00",70.30017558
"2015-03-02 21:00:00",71.41174412
"2015-03-02 22:00:00",70.76872921
"2015-03-02 23:00:00",71.54322445
"2015-03-03 00:00:00",69.67861959
"2015-03-03 01:00:00",67.55433608
"2015-03-03 02:00:00",60.54569685
"2015-03-03 12:00:00",60.16048314
"2015-03-03 13:00:00",62.92994017
"2015-03-03 14:00:00",63.09470227
"2015-03-03 15:00:00",65.45101492
"2015-03-03 16:00:00",65.26105713
"2015-03-03 17:00:00",66.53231862
"2015-03-03 18:00:00",65.83330379
"2015-03-03 19:00:00",67.09958577
"2015-03-03 20:00:00",66.23076577
"2015-03-03 21:00:00",68.01261543
"2015-03-03 22:00:00",67.52618676
"2015-03-03 23:00:00",68.58516648
"2015-03-04 00:00:00",64.8584093
"2015-03-04 01:00:00",61.32448882
"2015-03-04 13:00:00",64.07112041
"2015-03-04 14:00:00",63.3433509
"2015-03-04 15:00:00",64.78688964
"2015-03-04 16:00:00",65.35352086
"2015-03-04 17:00:00",67.46382719
"2015-03-04 18:00:00",67.34806577
"2015-03-04 19:00:00",68.46088857
"2015-03-04 20:00:00",67.68762218
"2015-03-04 21:00:00",68.93996082
"2015-03-04 22:00:00",66.91930674
"2015-03-04 23:00:00",66.58115658
"2015-03-05 00:00:00",61.37617108
"2015-03-05 15:00:00",61.53877919
"2015-03-05 16:00:00",62.37713815
"2015-03-05 17:00:00",65.03541184
"2015-03-05 18:00:00",64.35158931
"2015-03-05 19:00:00",65.41799171
"2015-03-05 20:00:00",65.00372737
"2015-03-05 21:00:00",65.70838453
"2015-03-05 22:00:00",65.23592271
"2015-03-05 23:00:00",65.06200872
"2015-03-06 00:00:00",61.56596205
"2015-03-06 17:00:00",61.1730342
"2015-03-06 18:00:00",61.83472302
"2015-03-06 19:00:00",63.63201381
"2015-03-06 20:00:00",64.15615382
"2015-03-06 21:00:00",65.44023397
"2015-03-06 22:00:00",65.4319008
"2015-03-06 23:00:00",65.83936904
"2015-03-07 00:00:00",62.42404511
"2015-03-07 15:00:00",62.24820982
"2015-03-07 16:00:00",63.24218294
"2015-03-07 17:00:00",65.99166569
"2015-03-07 18:00:00",64.96545794
"2015-03-07 19:00:00",65.9679801
"2015-03-07 20:00:00",65.14719949
"2015-03-07 21:00:00",66.099311
"2015-03-07 22:00:00",66.50204412
"2015-03-07 23:00:00",67.06044026
"2015-03-08 00:00:00",63.42424771
"2015-03-08 12:00:00",61.74619634
"2015-03-08 13:00:00",64.59313339
"2015-03-08 14:00:00",64.2108247
"2015-03-08 15:00:00",65.13130739
"2015-03-08 16:00:00",65.84934247
"2015-03-08 17:00:00",67.09467992
"2015-03-08 18:00:00",66.86437699
"2015-03-08 19:00:00",68.44636505
"2015-03-08 20:00:00",68.07583119
"2015-03-08 21:00:00",69.82350653
"2015-03-08 22:00:00",69.58642227
"2015-03-08 23:00:00",70.43904115
"2015-03-09 00:00:00",66.16735743
"2015-03-09 01:00:00",62.92646019
"2015-03-09 05:00:00",61.10596126
"2015-03-09 10:00:00",61.14607382
"2015-03-09 11:00:00",61.89944035
"2015-03-09 12:00:00",63.55306682
"2015-03-09 13:00:00",64.17137482
"2015-03-09 14:00:00",65.19983833
"2015-03-09 15:00:00",65.37400095
"2015-03-09 16:00:00",66.57382825
"2015-03-09 17:00:00",67.42203458
"2015-03-09 18:00:00",68.22039321
"2015-03-09 19:00:00",65.41419147
"2015-03-09 20:00:00",67.46420705
"2015-03-09 21:00:00",67.51423842
"2015-03-09 22:00:00",67.21523142
"2015-03-09 23:00:00",66.88474193
"2015-03-10 00:00:00",62.81576314
"2015-03-10 14:00:00",61.42401375
"2015-03-10 15:00:00",63.43452398
"2015-03-10 16:00:00",64.28556837
"2015-03-10 17:00:00",65.91514716
"2015-03-10 18:00:00",66.34706133
"2015-03-10 19:00:00",68.05893938
"2015-03-10 20:00:00",70.9150343
"2015-03-10 21:00:00",72.0940885
"2015-03-10 22:00:00",69.42824909
"2015-03-10 23:00:00",69.7634827
"2015-03-11 00:00:00",67.88656066
"2015-03-11 01:00:00",66.96800516
"2015-03-11 02:00:00",66.38229285
"2015-03-11 03:00:00",64.65042487
"2015-03-11 04:00:00",69.50138235
"2015-03-11 05:00:00",73.00515261
"2015-03-11 06:00:00",73.94830958
"2015-03-11 07:00:00",70.30261541
"2015-03-11 08:00:00",71.57863749
"2015-03-11 09:00:00",71.28041573
"2015-03-11 10:00:00",69.67951564
"2015-03-11 11:00:00",69.96975811
"2015-03-11 12:00:00",70.62633068
"2015-03-11 13:00:00",71.68295047
"2015-03-11 14:00:00",72.41741064
"2015-03-11 15:00:00",72.47509294
"2015-03-11 16:00:00",72.29176109
"2015-03-11 17:00:00",72.21559128
"2015-03-11 18:00:00",71.90463577
"2015-03-11 19:00:00",73.07574765
"2015-03-11 20:00:00",73.82126759
"2015-03-11 21:00:00",73.57868873
"2015-03-11 22:00:00",72.76450567
"2015-03-11 23:00:00",72.37061883
"2015-03-12 00:00:00",69.75390529
"2015-03-12 01:00:00",64.18188514
"2015-03-12 17:00:00",61.76818405
"2015-03-12 18:00:00",62.94043788
"2015-03-12 19:00:00",63.5718407
"2015-03-12 20:00:00",63.83602319
"2015-03-12 21:00:00",64.27322698
"2015-03-12 22:00:00",64.03949527
"2015-03-12 23:00:00",63.92132994
"2015-03-13 15:00:00",60.59237135
"2015-03-13 16:00:00",60.26048206
"2015-03-13 17:00:00",61.16579121
"2015-03-13 18:00:00",61.90743443
"2015-03-13 19:00:00",63.37677791
"2015-03-13 20:00:00",63.76034301
"2015-03-13 21:00:00",64.44172042
"2015-03-13 22:00:00",63.95263703
"2015-03-13 23:00:00",63.89428424
"2015-03-14 00:00:00",61.90979504
"2015-03-14 11:00:00",64.64819412
"2015-03-14 12:00:00",65.78820419
"2015-03-14 13:00:00",64.98004866
"2015-03-14 14:00:00",64.81530274
"2015-03-14 15:00:00",65.00105604
"2015-03-14 16:00:00",65.53120248
"2015-03-14 17:00:00",66.730751
"2015-03-14 18:00:00",67.39647979
"2015-03-14 19:00:00",67.12768635
"2015-03-14 20:00:00",66.77480304
"2015-03-14 21:00:00",65.80959408
"2015-03-14 22:00:00",65.73634935
"2015-03-14 23:00:00",65.41465969
"2015-03-15 00:00:00",64.54538139
"2015-03-15 01:00:00",61.68288695
"2015-03-15 11:00:00",60.38697011
"2015-03-15 12:00:00",61.71987151
"2015-03-15 13:00:00",63.07095111
"2015-03-15 14:00:00",63.54046825
"2015-03-15 15:00:00",64.41421737
"2015-03-15 16:00:00",64.45390195
"2015-03-15 17:00:00",65.6194303
"2015-03-15 18:00:00",65.15361291
"2015-03-15 19:00:00",66.20076515
"2015-03-15 20:00:00",67.2803059
"2015-03-15 21:00:00",68.09646872
"2015-03-15 22:00:00",68.0817649
"2015-03-15 23:00:00",68.25698903
"2015-03-16 00:00:00",66.33496524
"2015-03-16 01:00:00",62.41764209
"2015-03-16 08:00:00",60.05290879
"2015-03-16 11:00:00",62.01589916
"2015-03-16 12:00:00",62.64525641
"2015-03-16 13:00:00",63.28264849
"2015-03-16 14:00:00",63.43830404
"2015-03-16 15:00:00",63.68297187
"2015-03-16 16:00:00",63.91864197
"2015-03-16 17:00:00",64.6249846
"2015-03-16 18:00:00",65.38739626
"2015-03-16 19:00:00",66.33384999
"2015-03-16 20:00:00",66.82001152
"2015-03-16 21:00:00",68.2528347
"2015-03-16 22:00:00",68.29472086
"2015-03-16 23:00:00",68.46153217
"2015-03-17 00:00:00",66.02181813
"2015-03-17 01:00:00",61.73423608
"2015-03-17 11:00:00",60.23472962
"2015-03-17 12:00:00",60.94234637
"2015-03-17 13:00:00",62.39891975
"2015-03-17 14:00:00",63.79503854
"2015-03-17 15:00:00",65.12610517
"2015-03-17 16:00:00",65.52125878
"2015-03-17 17:00:00",65.97133035
"2015-03-17 18:00:00",65.88068952
"2015-03-17 19:00:00",65.99889438
"2015-03-17 20:00:00",65.84633582
"2015-03-17 21:00:00",66.79483855
"2015-03-17 22:00:00",66.46391123
"2015-03-17 23:00:00",66.41186881
"2015-03-18 00:00:00",63.90405539
"2015-03-18 01:00:00",60.23266121
"2015-03-18 13:00:00",60.04682225
"2015-03-18 14:00:00",60.38057879
"2015-03-18 15:00:00",61.03848927
"2015-03-18 16:00:00",61.67862997
"2015-03-18 17:00:00",62.76881344
"2015-03-18 18:00:00",63.53663544
"2015-03-18 19:00:00",64.93169406
"2015-03-18 20:00:00",65.27313102
"2015-03-18 21:00:00",65.71204959
"2015-03-18 22:00:00",65.39122459
"2015-03-18 23:00:00",65.45064055
"2015-03-19 00:00:00",63.17866026
"2015-03-19 09:00:00",60.06665875
"2015-03-19 10:00:00",63.58183316
"2015-03-19 11:00:00",64.32639751
"2015-03-19 12:00:00",64.53287402
"2015-03-19 13:00:00",64.85895629
"2015-03-19 14:00:00",64.3480709
"2015-03-19 15:00:00",64.9225892
"2015-03-19 16:00:00",65.28633057
"2015-03-19 17:00:00",66.09171171
"2015-03-19 18:00:00",66.13234798
"2015-03-19 19:00:00",66.51914472
"2015-03-19 20:00:00",66.6396548
"2015-03-19 21:00:00",67.58144125
"2015-03-19 22:00:00",68.37682307
"2015-03-19 23:00:00",68.18810244
"2015-03-20 00:00:00",64.87752665
"2015-03-20 01:00:00",60.93876919
"2015-03-20 14:00:00",60.09794707
"2015-03-20 15:00:00",60.98833242
"2015-03-20 16:00:00",61.15488818
"2015-03-20 17:00:00",62.11134356
"2015-03-20 18:00:00",62.34476058
"2015-03-20 19:00:00",62.8304909
"2015-03-20 20:00:00",63.52972184
"2015-03-20 21:00:00",64.2735006
"2015-03-20 22:00:00",64.80444941
"2015-03-20 23:00:00",65.11198246
"2015-03-21 00:00:00",62.1300399
"2015-03-21 10:00:00",60.48752458
"2015-03-21 11:00:00",61.05796331
"2015-03-21 12:00:00",63.56050796
"2015-03-21 13:00:00",64.11523156
"2015-03-21 14:00:00",63.62817869
"2015-03-21 15:00:00",63.99353131
"2015-03-21 16:00:00",64.62863453
"2015-03-21 17:00:00",65.38885865
"2015-03-21 18:00:00",65.7997723
"2015-03-21 19:00:00",65.46745159
"2015-03-21 20:00:00",65.40938062
"2015-03-21 21:00:00",65.76661436
"2015-03-21 22:00:00",65.99263688
"2015-03-21 23:00:00",65.3410464
"2015-03-22 00:00:00",62.33559819
"2015-03-22 08:00:00",61.37915489
"2015-03-22 09:00:00",69.4426302
"2015-03-22 10:00:00",66.56731993
"2015-03-22 11:00:00",66.05368191
"2015-03-22 12:00:00",65.60353269
"2015-03-22 13:00:00",65.24307095
"2015-03-22 14:00:00",65.53747352
"2015-03-22 15:00:00",67.08116445
"2015-03-22 16:00:00",68.48327389
"2015-03-22 17:00:00",68.77530684
"2015-03-22 18:00:00",69.39152626
"2015-03-22 19:00:00",69.90175329
"2015-03-22 20:00:00",70.96614995
"2015-03-22 21:00:00",71.15782939
"2015-03-22 22:00:00",70.65926055
"2015-03-22 23:00:00",70.17758078
"2015-03-23 00:00:00",67.69588205
"2015-03-23 01:00:00",63.05646419
"2015-03-23 16:00:00",60.0552548
"2015-03-23 17:00:00",60.89090534
"2015-03-23 18:00:00",61.55797979
"2015-03-23 19:00:00",62.92147856
"2015-03-23 20:00:00",63.26046062
"2015-03-23 21:00:00",62.96311196
"2015-03-23 22:00:00",62.85142136
"2015-03-23 23:00:00",62.98681131
"2015-03-24 00:00:00",60.847368
"2015-03-24 16:00:00",60.38304812
"2015-03-24 17:00:00",60.9833613
"2015-03-24 18:00:00",60.86230338
"2015-03-24 19:00:00",62.62742993
"2015-03-24 20:00:00",62.83461424
"2015-03-24 21:00:00",62.93747957
"2015-03-24 22:00:00",62.90578102
"2015-03-24 23:00:00",62.82014107
"2015-03-25 00:00:00",60.00900043
"2015-03-25 16:00:00",60.48336371
"2015-03-25 17:00:00",62.52304847
"2015-03-25 18:00:00",62.91445705
"2015-03-25 19:00:00",64.18166784
"2015-03-25 20:00:00",64.75124179
"2015-03-25 21:00:00",65.14663802
"2015-03-25 22:00:00",64.7708603
"2015-03-25 23:00:00",65.15491355
"2015-03-26 00:00:00",62.5809978
"2015-03-26 15:00:00",60.16230201
"2015-03-26 16:00:00",61.0894807
"2015-03-26 17:00:00",62.33105081
"2015-03-26 18:00:00",62.84680705
"2015-03-26 19:00:00",63.85569201
"2015-03-26 20:00:00",63.9100025
"2015-03-26 21:00:00",64.01078081
"2015-03-26 22:00:00",64.09719919
"2015-03-26 23:00:00",64.34127325
"2015-03-27 00:00:00",63.02771104
"2015-03-27 15:00:00",60.48192151
"2015-03-27 16:00:00",62.20291612
"2015-03-27 17:00:00",63.06914822
"2015-03-27 18:00:00",63.69321437
"2015-03-27 19:00:00",65.77051274
"2015-03-27 20:00:00",67.01496186
"2015-03-27 21:00:00",66.5377206
